{
    "$schema": "https://schema.management.azure.com/schemas/2019-04-01/deploymentTemplate.json#",
    "contentVersion": "1.0.0.0",
    "parameters": {
        "virtualMachines_trainingwebserver_name": {
            "defaultValue": "trainingwebserver",
            "type": "String"
        },
        "disks_trainingwebserver_OsDisk_1_5d84ee0032e2459f9ff81f910a3a469b_externalid": {
            "defaultValue": "/subscriptions/080654e0-4d7f-4672-b01c-a291dcccfbea/resourceGroups/Trainingrg/providers/Microsoft.Compute/disks/trainingwebserver_OsDisk_1_5d84ee0032e2459f9ff81f910a3a469b",
            "type": "String"
        },
        "networkInterfaces_trainingwebserver633_z2_externalid": {
            "defaultValue": "/subscriptions/080654e0-4d7f-4672-b01c-a291dcccfbea/resourceGroups/Trainingrg/providers/Microsoft.Network/networkInterfaces/trainingwebserver633_z2",
            "type": "String"
        }
    },
    "variables": {},
    "resources": [
        {
            "type": "Microsoft.Compute/virtualMachines",
            "apiVersion": "2024-03-01",
            "name": "[parameters('virtualMachines_trainingwebserver_name')]",
            "location": "australiaeast",
            "zones": [
                "2"
            ],
            "properties": {
                "hardwareProfile": {
                    "vmSize": "Standard_B1s"
                },
                "additionalCapabilities": {
                    "hibernationEnabled": false
                },
                "storageProfile": {
                    "imageReference": {
                        "publisher": "MicrosoftWindowsServer",
                        "offer": "WindowsServer",
                        "sku": "2016-datacenter-gensecond",
                        "version": "latest"
                    },
                    "osDisk": {
                        "osType": "Windows",
                        "name": "[concat(parameters('virtualMachines_trainingwebserver_name'), '_OsDisk_1_5d84ee0032e2459f9ff81f910a3a469b')]",
                        "createOption": "FromImage",
                        "caching": "ReadWrite",
                        "managedDisk": {
                            "storageAccountType": "Premium_LRS",
                            "id": "[parameters('disks_trainingwebserver_OsDisk_1_5d84ee0032e2459f9ff81f910a3a469b_externalid')]"
                        },
                        "deleteOption": "Delete",
                        "diskSizeGB": 127
                    },
                    "dataDisks": [],
                    "diskControllerType": "SCSI"
                },
                "osProfile": {
                    "computerName": "trainingwebserv",
                    "adminUsername": "Rabiya0213",
                    "windowsConfiguration": {
                        "provisionVMAgent": true,
                        "enableAutomaticUpdates": true,
                        "patchSettings": {
                            "patchMode": "AutomaticByOS",
                            "assessmentMode": "ImageDefault",
                            "enableHotpatching": false
                        }
                    },
                    "secrets": [],
                    "allowExtensionOperations": true,
                    "requireGuestProvisionSignal": true
                },
                "securityProfile": {
                    "uefiSettings": {
                        "secureBootEnabled": true,
                        "vTpmEnabled": true
                    },
                    "securityType": "TrustedLaunch"
                },
                "networkProfile": {
                    "networkInterfaces": [
                        {
                            "id": "[parameters('networkInterfaces_trainingwebserver633_z2_externalid')]",
                            "properties": {
                                "deleteOption": "Detach"
                            }
                        }
                    ]
                },
                "diagnosticsProfile": {
                    "bootDiagnostics": {
                        "enabled": true
                    }
                }
            }
        }
    ]
}